,Shape_Area,ADM0_PCODE,ADM0_EN,sum_10,sum_11,sum_12,sum_13,sum_21,sum_22,sum_23,sum_30
0,82.02768,PK,Pakistan,0.0,2500370.1459,17157440.8439,12328197.28378,26670227.87494,6720517.58744,19969188.69392,65262124.7407
